,chlorides,density,pH,sulphates,alcohol,quality
0,0.076,0.9978,3.51,0.56,9.4,F
1,0.098,0.9968,3.2,0.68,9.8,F
2,0.092,0.997,3.26,0.65,9.8,F
3,0.075,0.998,3.16,0.58,9.8,E
4,0.076,0.9978,3.51,0.56,9.4,F
5,0.075,0.9978,3.51,0.56,9.4,F
6,0.069,0.9964,3.3,0.46,9.4,F
7,0.065,0.9946,3.39,0.47,10.0,D
8,0.073,0.9968,3.36,0.57,9.5,D
9,0.071,0.9978,3.35,0.8,10.5,F
10,0.097,0.9959,3.28,0.54,9.2,F
11,0.071,0.9978,3.35,0.8,10.5,F
12,0.08900000000000001,0.9943,3.58,0.52,9.9,F
13,0.114,0.9974,3.26,1.56,9.1,F
14,0.17600000000000002,0.9986,3.16,0.88,9.2,F
15,0.17,0.9986,3.17,0.93,9.2,F
16,0.092,0.9969,3.3,0.75,10.5,D
17,0.368,0.9968,3.11,1.28,9.3,F
18,0.086,0.9974,3.38,0.5,9.0,G
19,0.341,0.9969,3.04,1.08,9.2,E
20,0.077,0.9968,3.39,0.53,9.4,E
21,0.08199999999999999,0.9982,3.52,0.65,9.7,F
22,0.106,0.9966,3.17,0.91,9.5,F
23,0.084,0.9968,3.17,0.53,9.4,F
24,0.085,0.9968,3.43,0.63,9.7,E
25,0.08,0.9955,3.34,0.56,9.3,F
26,0.08,0.9962,3.28,0.59,9.5,F
27,0.106,0.9966,3.17,0.91,9.5,F
28,0.08,0.9972,3.47,0.55,9.4,F
29,0.08199999999999999,0.9964,3.38,0.59,9.8,E
30,0.08900000000000001,0.9958,3.35,0.54,10.1,F
31,0.105,0.9966,3.46,0.57,10.6,E
32,0.083,0.9966,3.17,0.66,9.8,F
33,0.073,0.9993,3.45,0.52,9.4,E
34,0.103,0.9957,3.38,0.55,9.2,F
35,0.086,0.9986,3.4,0.55,9.6,E
36,0.086,0.9975,3.42,0.6,10.8,E
37,0.066,0.9968,3.23,0.73,9.7,D
38,0.172,0.994,3.5,0.48,9.8,G
39,0.07400000000000001,0.9978,3.33,0.83,10.5,F
40,0.07400000000000001,0.9978,3.33,0.83,10.5,F
41,0.08800000000000001,0.9976,3.26,0.51,9.3,G
42,0.332,0.9968,3.21,0.9,10.5,E
43,0.069,0.9968,3.3,1.2,10.3,F
44,0.05,0.9962,3.48,0.52,9.5,F
45,0.054000000000000006,0.9934,3.9,0.56,13.1,G
46,0.114,0.997,3.25,0.73,9.2,F
47,0.113,0.9969,3.25,0.58,9.5,F
48,0.066,0.9958,3.34,0.56,9.2,F
49,0.07400000000000001,0.9954,3.32,0.58,9.2,F
50,0.07400000000000001,0.9971,3.15,0.74,9.2,F
51,0.069,0.9956,3.4,0.63,9.4,E
52,0.068,0.9955,3.39,0.64,9.4,E
53,0.081,0.997,3.2,0.56,9.4,F
54,0.11,0.9955,3.17,0.63,10.2,E
55,0.084,0.9978,3.34,0.53,9.5,F
56,0.07,0.9971,3.04,0.63,9.6,F
57,0.111,0.9983,3.26,0.77,9.4,F
58,0.076,0.9975,3.43,0.59,10.0,F
59,0.07400000000000001,0.9962,3.41,0.54,9.4,E
60,0.079,0.998,3.44,0.64,9.2,F
61,0.115,0.9968,3.21,0.71,9.3,F
62,0.085,0.9968,3.38,0.62,9.5,D
63,0.081,0.9966,3.39,0.57,9.8,F
64,0.086,0.9962,3.41,0.39,10.9,F
65,0.086,0.9962,3.41,0.39,10.9,F
66,0.079,0.9968,3.42,0.58,9.6,F
67,0.076,0.9962,3.44,0.58,10.7,F
68,0.07400000000000001,0.9969,3.28,0.79,10.7,F
69,0.07400000000000001,0.9962,3.34,0.95,10.5,E
70,0.076,0.9967,3.32,0.54,9.5,E
71,0.08800000000000001,0.9962,3.32,0.48,9.5,F
72,0.084,0.9961,3.31,0.48,9.5,F
73,0.084,0.9976,3.31,0.53,9.2,G
74,0.094,0.9984,3.28,0.82,9.6,F
75,0.093,0.9986,3.54,0.66,10.5,F
76,0.093,0.9986,3.54,0.66,10.5,F
77,0.104,0.9966,3.52,0.55,10.7,E
78,0.086,0.9958,3.38,0.52,10.1,F
79,0.08,0.9972,3.16,1.12,9.1,G
80,0.069,0.9958,3.41,0.56,9.2,F
81,0.464,0.9974,3.13,1.28,9.4,F
82,0.086,0.997,3.36,0.57,9.1,F
83,0.401,0.9969,3.16,1.14,9.4,F
84,0.069,0.9959,3.44,0.78,10.3,E
85,0.076,0.9961,3.41,0.59,10.1,F
86,0.11,0.9972,2.93,1.95,9.9,E
87,0.062,0.9966,3.39,0.64,9.6,F
88,0.107,0.9978,3.14,1.22,9.5,F
89,0.076,0.9978,3.48,0.53,9.0,F
90,0.079,0.9964,3.23,0.54,9.5,F
91,0.11,0.9972,2.93,1.95,9.9,E
92,0.11,0.9972,2.93,1.98,9.8,F
93,0.062,0.9966,3.39,0.64,9.6,F
94,0.045,0.9938,3.75,0.48,10.5,G
95,0.058,0.9932,3.85,0.6,12.9,E
96,0.102,0.9965,3.45,0.56,10.7,F
97,0.07,0.9963,3.25,0.63,9.2,F
98,0.079,0.9967,3.39,0.56,9.8,F
99,0.08,0.9972,3.3,0.59,9.0,E
100,0.084,0.9972,3.4,0.61,10.2,E
101,0.075,0.9959,3.31,0.56,10.4,E
102,0.08,0.9972,3.3,0.59,9.0,E
103,0.077,0.9967,3.29,0.51,9.2,F
104,0.07,0.996,3.33,0.48,9.4,F
105,0.077,0.9967,3.29,0.51,9.2,F
106,0.467,0.9973,3.08,1.31,9.3,F
107,0.08800000000000001,0.9969,3.46,0.79,9.3,F
108,0.091,0.9976,3.37,0.8,9.6,E
109,0.122,0.9969,3.21,0.69,9.3,F
110,0.104,0.9964,3.19,0.93,9.5,F
111,0.084,0.9964,3.15,0.66,9.8,F
112,0.085,0.9964,3.15,0.66,9.8,F
113,0.08,0.9988,3.32,0.67,9.7,E
114,0.104,0.9964,3.19,0.93,9.5,F
115,0.09,0.9966,3.07,0.63,10.5,E
116,0.077,0.9978,3.39,0.61,10.0,E
117,0.08199999999999999,0.997,3.37,0.5,9.4,E
118,0.119,0.9962,3.21,0.6,10.9,E
119,0.097,0.9959,3.34,0.54,9.2,E
120,0.17800000000000002,0.9962,3.3,0.57,9.0,F
121,0.119,0.9962,3.21,0.6,10.9,E
122,0.075,0.998,3.49,0.52,9.2,F
123,0.08,0.9976,3.44,0.53,9.5,F
124,0.08199999999999999,0.996,3.39,0.48,9.5,F
125,0.146,0.9984,3.16,0.7,9.4,F
126,0.081,0.9964,3.53,0.49,10.9,F
127,0.08199999999999999,0.9964,3.54,0.48,10.9,F
128,0.065,0.9962,3.42,0.92,10.5,D
129,0.07200000000000001,0.9955,3.42,0.57,9.4,F
130,0.118,0.9968,3.24,0.66,9.4,F
131,0.049,0.9937,3.63,0.63,13.0,F
132,0.049,0.9937,3.63,0.63,13.0,F
133,0.06,0.9952,3.4,0.58,9.8,E
134,0.084,0.9959,3.22,0.55,9.9,E
135,0.09,0.9965,3.19,0.82,9.6,F
136,0.08900000000000001,0.9968,3.23,0.77,9.5,F
137,0.081,0.9972,3.48,0.64,9.2,F
138,0.081,0.9962,3.33,0.54,9.5,F
139,0.081,0.9962,3.32,0.54,9.5,F
140,0.09,0.9965,3.19,0.82,9.6,F
141,0.08900000000000001,0.9968,3.23,0.77,9.5,F
142,0.05,0.9916,3.68,0.79,14.0,E
143,0.066,0.9954,3.34,0.58,9.4,F
144,0.05,0.9916,3.68,0.79,14.0,E
145,0.117,0.9968,3.17,0.62,9.4,F
146,0.087,0.9944,3.54,0.52,10.0,F
147,0.236,0.9968,3.11,0.8,9.3,F
148,0.07400000000000001,0.9959,3.42,0.58,10.2,E
149,0.08900000000000001,0.9975,3.53,0.61,10.5,E
150,0.077,0.9958,3.33,0.53,10.3,E
151,0.61,0.9996,2.74,2.0,9.4,G
152,0.095,0.995,3.35,0.54,10.1,F
153,0.095,0.995,3.35,0.54,10.1,F
154,0.07,0.9973,3.42,0.72,10.5,F
155,0.071,0.9973,3.42,0.71,10.5,F
156,0.07,0.9973,3.42,0.72,10.5,F
157,0.071,0.9973,3.42,0.71,10.5,F
158,0.073,0.9969,3.48,0.5,9.3,F
159,0.079,0.9968,3.59,0.57,9.3,E
160,0.09,0.9959,3.2,0.56,9.6,F
161,0.07200000000000001,0.9965,3.17,1.08,9.2,G
162,0.076,0.9964,3.33,0.56,10.0,E
163,0.07,0.9982,3.37,0.49,9.4,F
164,0.07,0.9981,3.37,0.49,9.4,F
165,0.1,0.9961,3.19,0.62,9.5,F
166,0.085,0.9956,3.34,0.52,10.2,F
167,0.07200000000000001,0.9956,3.37,0.48,9.0,G
168,0.08900000000000001,0.9953,3.47,0.55,10.4,E
169,0.36,0.9964,3.0,1.59,9.5,F
170,0.058,0.9972,3.36,0.33,9.1,G
171,0.073,0.9972,3.29,0.61,9.2,E
172,0.073,0.9972,3.29,0.61,9.2,E
173,0.068,0.9961,3.42,0.57,11.5,E
174,0.08,0.9961,3.33,0.47,9.5,F
175,0.085,0.9958,3.35,0.78,9.5,F
176,0.08,0.9961,3.33,0.47,9.5,F
177,0.087,0.9972,3.58,0.61,10.5,E
178,0.068,0.9969,3.48,0.56,9.6,F
179,0.067,0.9969,3.19,0.59,9.5,F
180,0.067,0.9969,3.19,0.59,9.5,F
181,0.27,0.9972,3.12,1.02,9.3,F
182,0.076,0.9972,3.44,0.52,9.3,F
183,0.077,0.9971,3.54,0.58,9.3,F
184,0.079,0.997,3.52,0.58,9.3,E
185,0.111,0.9971,3.26,0.53,9.7,F
186,0.08199999999999999,0.9972,3.34,0.55,9.2,F
187,0.084,0.9976,3.39,0.49,9.7,F
188,0.084,0.9968,3.2,0.55,9.5,F
189,0.08199999999999999,0.9968,3.2,0.55,9.5,F
190,0.077,0.9976,3.23,0.62,9.4,F
191,0.07400000000000001,0.9974,3.57,0.62,9.8,E
192,0.099,0.9969,3.28,0.61,9.5,F
193,0.071,0.9964,3.28,0.55,9.7,F
194,0.071,0.9964,3.28,0.55,9.7,F
195,0.07400000000000001,0.9968,3.25,0.54,9.4,F
196,0.07400000000000001,0.9968,3.46,0.59,10.2,F
197,0.067,0.9981,3.11,0.97,10.1,E
198,0.046,0.9924,3.57,0.85,13.0,D
199,0.061,0.9948,3.51,0.43,11.4,G
200,0.056,0.99695,3.22,0.82,10.3,D
201,0.097,0.9975,3.04,1.03,9.3,F
202,0.075,0.99545,3.36,0.79,9.5,F
203,0.08800000000000001,0.9961,3.34,0.55,9.2,F
204,0.08900000000000001,0.99615,3.34,0.56,9.2,E
205,0.095,0.9994,3.2,0.77,10.8,D
206,0.095,0.9994,3.2,0.77,10.8,D
207,0.069,0.99625,3.29,0.53,9.3,F
208,0.1,0.9966,3.22,0.67,9.4,F
209,0.054000000000000006,0.998,3.31,0.88,10.5,D
210,0.039,0.99585,3.3,0.86,12.4,E
211,0.083,0.99685,3.35,0.56,10.0,E
212,0.059,0.998,3.21,0.67,10.2,E
213,0.06,0.9959,3.3,0.43,10.1,F
214,0.092,0.9974,3.24,0.71,9.8,E
215,0.06,0.9974,3.34,0.76,10.5,F
216,0.101,0.9962,3.14,0.57,11.0,F
217,0.07200000000000001,0.9967,3.36,0.55,9.1,F
218,0.076,0.9957,3.39,0.54,9.7,F
219,0.08,0.99655,3.3,0.6,9.5,F
220,0.08199999999999999,0.9964,3.34,0.59,9.4,E
221,0.101,0.9957,3.15,0.57,9.4,F
222,0.057,0.99525,3.42,0.6,9.5,F
223,0.083,0.99815,3.28,0.6,10.0,E
224,0.08900000000000001,0.99745,3.31,0.57,10.4,G
225,0.073,0.99615,3.37,0.58,10.5,E
226,0.337,0.9964,3.04,1.61,9.5,E
227,0.08900000000000001,0.9984,3.39,0.63,9.8,F
228,0.073,0.99615,3.37,0.58,10.5,E
229,0.081,0.99685,3.46,0.5,11.0,F
230,0.054000000000000006,0.9927,3.54,0.62,12.2,D
231,0.078,0.99625,3.37,0.52,9.9,E
232,0.09,0.998,3.34,0.7,9.6,E
233,0.081,0.99685,3.46,0.5,11.0,F
234,0.065,0.99685,3.32,0.55,9.0,E
235,0.097,0.99675,3.37,0.58,9.0,E
236,0.097,0.99675,3.37,0.58,9.0,E
237,0.097,0.99675,3.37,0.58,9.2,E
238,0.097,0.99675,3.37,0.58,9.0,E
239,0.065,0.99685,3.32,0.55,9.0,E
240,0.263,0.9971,3.0,1.09,9.3,F
241,0.093,0.99925,3.14,0.71,10.9,E
242,0.102,0.99565,3.08,0.49,9.8,E
243,0.075,1.00005,3.07,0.84,9.2,D
244,0.075,1.00005,3.07,0.84,9.2,D
245,0.084,0.9983,3.61,0.96,9.9,E
246,0.075,0.99685,3.38,0.52,9.5,F
247,0.07200000000000001,0.9963,3.2,0.45,9.3,F
248,0.07400000000000001,0.99615,3.35,0.48,9.8,E
249,0.084,0.9983,3.61,0.96,9.9,E
250,0.063,0.9985,3.22,0.78,10.0,E
251,0.07400000000000001,0.9972,3.47,0.7,9.9,E
252,0.09,0.9986,3.17,0.53,10.5,F
253,0.092,0.9959,3.23,0.59,9.5,F
254,0.07400000000000001,0.9972,3.47,0.7,9.9,E
255,0.073,0.99675,3.26,0.57,9.3,F
256,0.075,0.998,3.22,0.62,9.2,F
257,0.075,0.9968,3.49,0.67,9.2,F
258,0.611,0.9968,3.06,1.26,9.4,F
259,0.085,0.99965,3.36,0.8,10.5,D
260,0.077,0.99625,3.29,0.65,9.3,F
261,0.087,0.99565,3.35,0.6,9.4,G
262,0.07,0.99575,3.34,0.57,10.0,F
263,0.077,0.9963,3.28,0.67,9.3,F
264,0.064,0.9999,3.08,0.87,10.9,F
265,0.071,0.9968,3.2,0.72,10.2,D
266,0.096,1.00025,3.6,0.72,9.8,G
267,0.078,0.9973,3.35,0.86,12.8,C
268,0.077,0.9987,3.69,0.91,9.4,E
269,0.104,0.9996,3.28,0.97,10.1,E
270,0.087,0.9965,3.36,0.67,10.7,E
271,0.104,0.9996,3.28,0.97,10.1,E
272,0.071,0.99935,3.22,0.78,10.1,F
273,0.076,0.99735,3.31,0.64,9.4,F
274,0.08800000000000001,0.99915,3.38,0.77,9.4,F
275,0.087,0.9965,3.36,0.67,10.7,E
276,0.077,0.9987,3.69,0.91,9.4,E
277,0.104,0.9996,3.28,0.97,10.1,E
278,0.073,0.9976,3.23,0.82,12.6,C
279,0.087,0.9991,3.38,0.77,10.5,D
280,0.071,0.9986,3.12,0.82,9.3,E
281,0.358,0.9972,3.25,1.08,9.9,D
282,0.067,0.9971,3.36,0.57,9.1,F
283,0.087,0.9991,3.38,0.77,10.5,D
284,0.102,1.00015,3.31,0.71,9.8,F
285,0.102,1.00015,3.31,0.71,9.8,F
286,0.073,0.9997,3.1,0.76,10.3,E
287,0.092,0.9967,3.37,0.7,10.3,E
288,0.091,0.9976,3.34,0.86,10.6,D
289,0.105,1.001,3.2,0.95,9.2,F
290,0.091,0.9976,3.34,0.86,10.6,D
291,0.343,0.9979,3.3,0.71,10.5,F
292,0.091,0.9994,3.22,0.64,10.3,E
293,0.098,0.9964,3.41,0.6,10.1,E
294,0.094,1.0014,3.05,0.81,9.5,E
295,0.073,1.0001,3.05,0.64,9.5,F
296,0.086,0.9981,3.16,0.52,9.9,F
297,0.083,0.99855,3.67,0.73,9.6,F
298,0.094,0.9993,3.67,0.8,9.7,F
299,0.08,0.99845,3.68,0.71,9.6,F
300,0.086,0.9965,3.38,0.59,10.7,E
301,0.068,0.9973,3.22,0.64,10.1,E
302,0.092,0.9994,3.51,0.72,10.0,F
303,0.18600000000000005,0.996,3.39,0.54,9.5,F
304,0.112,0.9973,3.2,0.52,9.2,F
305,0.063,0.9998,3.12,0.59,9.3,E
306,0.08199999999999999,0.9966,3.36,0.52,9.4,F
307,0.213,0.9994,3.19,0.62,9.5,E
308,0.214,0.9994,3.19,0.63,9.5,E
309,0.062,0.9968,3.41,0.53,9.5,E
310,0.063,0.9998,3.12,0.59,9.3,E
311,0.07200000000000001,0.996,3.27,0.54,9.4,E
312,0.093,0.99815,3.32,0.63,9.5,E
313,0.076,0.9976,3.3,0.53,9.4,F
314,0.087,0.99645,3.39,0.68,11.0,F
315,0.096,0.9962,3.42,0.65,11.0,E
316,0.102,0.9996,3.3,0.65,10.1,F
317,0.08199999999999999,0.99865,3.3,0.64,10.4,E
318,0.083,0.9989,3.37,0.71,11.5,D
319,0.08199999999999999,0.99865,3.3,0.64,10.4,E
320,0.083,0.9989,3.37,0.71,11.5,D
321,0.09,0.99975,3.24,0.62,9.7,F
322,0.079,0.99735,3.29,0.63,9.3,F
323,0.09,0.999,3.28,0.7,9.5,E
324,0.071,1.0015,3.16,0.69,9.2,E
325,0.071,1.0015,3.16,0.69,9.2,E
326,0.121,0.9978,3.05,0.74,11.5,D
327,0.107,0.998,3.28,0.83,11.5,F
328,0.08199999999999999,1.0002,3.16,0.67,9.7,E
329,0.061,0.9981,3.18,0.62,9.5,F
330,0.122,0.998,3.23,0.66,12.5,E
331,0.122,0.998,3.23,0.66,12.5,E
332,0.066,0.9973,3.22,0.54,9.4,E
333,0.105,0.9958,3.13,0.52,11.0,F
334,0.078,0.9963,3.34,0.74,11.7,D
335,0.128,0.9992,3.17,0.84,12.2,D
336,0.052000000000000005,0.9948,3.35,0.7,12.5,E
337,0.08,0.9974,3.31,0.64,10.3,F
338,0.103,1.0008,3.16,1.0,11.5,E
339,0.08199999999999999,0.9997,3.11,1.36,9.8,D
340,0.066,1.0,3.12,1.18,9.2,E
341,0.065,0.9972,3.21,0.87,11.3,E
342,0.118,0.9982,3.3,0.75,9.8,E
343,0.118,0.9982,3.3,0.75,9.8,E
344,0.08199999999999999,1.0006,3.12,0.78,10.7,E
345,0.067,0.9979,3.6,0.81,9.9,F
346,0.07200000000000001,0.9955,3.58,0.89,12.3,D
347,0.093,0.9986,3.02,0.93,12.0,E
348,0.08900000000000001,0.9979,3.11,0.92,10.0,E
349,0.093,0.9994,3.36,0.86,9.4,E
350,0.107,1.0004,3.28,0.98,9.9,E
351,0.096,0.9994,3.35,0.83,9.4,E
352,0.09,0.9974,3.27,0.73,9.3,F
353,0.12,1.0018,3.18,0.77,13.0,F
354,0.066,0.9912,3.25,0.59,11.9,E
355,0.078,0.9955,3.55,0.61,12.8,E
356,0.08,1.0001,3.26,0.88,11.0,F
357,0.116,0.997,3.24,0.75,11.7,D
358,0.109,1.0,3.15,0.85,10.4,D
359,0.08800000000000001,1.001,3.17,0.68,9.8,E
360,0.099,0.9973,3.19,0.7,9.4,F
361,0.086,0.9982,3.37,0.91,9.9,E
362,0.07200000000000001,0.9992,3.05,0.56,10.0,F
363,0.071,0.9988,2.99,0.87,10.2,F
364,0.083,1.0022,3.07,0.73,10.0,D
365,0.107,0.9979,3.26,0.93,11.8,E
366,0.083,1.0022,3.07,0.73,10.0,D
367,0.076,1.0,3.16,0.69,9.0,F
368,0.159,0.9998,3.18,0.64,9.4,F
369,0.07400000000000001,0.9962,3.2,1.13,12.0,D
370,0.063,0.9975,3.57,0.78,9.9,F
371,0.056,0.9967,3.32,0.87,8.7,E
372,0.067,0.9967,3.32,1.04,10.6,E
373,0.106,0.9959,3.05,0.63,9.2,F
374,0.08900000000000001,1.0014,3.01,0.81,10.8,E
375,0.124,0.9984,3.01,0.83,11.8,D
376,0.078,1.0003,3.26,1.11,11.0,E
377,0.07400000000000001,0.9962,3.2,1.13,12.0,D
378,0.08800000000000001,0.9988,3.11,0.99,13.3,E
379,0.094,0.9979,3.31,0.7,10.8,E
380,0.08,0.9974,3.21,0.8,9.4,E
381,0.085,1.0014,3.06,0.8,10.0,E
382,0.08,0.9974,3.21,0.8,9.4,E
383,0.08,0.9974,3.21,0.8,9.4,E
384,0.087,0.998,3.42,0.74,9.2,F
385,0.09,0.9979,3.43,0.76,9.7,E
386,0.08800000000000001,0.9981,3.41,0.74,9.2,E
387,0.079,0.9972,3.31,0.54,9.6,E
388,0.08800000000000001,0.9981,3.43,0.74,9.2,E
389,0.096,0.9982,3.19,0.7,10.0,D
390,0.045,0.9924,3.56,0.82,12.9,C
391,0.085,1.0014,3.06,0.8,10.0,E
392,0.08199999999999999,0.998,3.18,0.51,9.5,F
393,0.112,0.997,3.16,0.54,9.1,F
394,0.063,0.9997,3.03,0.57,9.9,F
395,0.066,1.0004,3.22,0.6,13.0,D
396,0.122,0.9994,3.47,0.53,9.9,F
397,0.087,0.9988,3.18,0.65,11.0,E
398,0.087,0.9988,3.18,0.65,11.0,E
399,0.064,0.9963,3.1,0.55,9.4,F
400,0.122,0.9994,3.47,0.53,9.9,F
401,0.059,0.9949,3.29,0.47,10.8,E
402,0.085,1.0,3.1,0.61,10.5,E
403,0.085,0.9994,3.15,0.63,10.5,E
404,0.075,0.9974,3.26,0.61,9.1,F
405,0.059,0.9966,3.36,0.76,10.1,E
406,0.063,0.9981,3.24,0.65,10.8,E
407,0.093,0.9996,3.18,0.63,10.8,D
408,0.174,0.997,3.19,0.7,11.3,E
409,0.07,0.9981,3.05,0.57,9.6,G
410,0.08,0.9987,3.38,0.62,9.5,E
411,0.08,0.9987,3.38,0.62,9.5,F
412,0.1,0.9966,3.27,0.64,9.3,F
413,0.097,0.9986,3.27,0.82,11.7,D
414,0.087,0.9982,3.26,0.61,9.5,F
415,0.117,1.0014,3.32,1.07,9.3,F
416,0.111,0.997,3.26,0.66,11.7,E
417,0.091,0.9956,3.44,0.48,10.5,F
418,0.121,0.9996,3.24,0.76,10.4,E
419,0.066,0.9976,3.62,0.68,9.9,F
420,0.08900000000000001,0.9972,3.28,0.73,11.8,D
421,0.059,0.9952,3.52,0.56,12.3,D
422,0.047,0.9955,3.36,0.44,10.9,F
423,0.066,0.9978,3.15,0.9,11.0,D
424,0.047,0.9955,3.36,0.44,10.9,F
425,0.059,0.9952,3.52,0.56,12.3,D
426,0.045,0.9949,3.49,0.49,11.4,E
427,0.077,0.9988,3.26,0.56,10.6,E
428,0.07,0.9978,3.24,0.6,9.3,F
429,0.08800000000000001,0.9997,3.1,0.6,10.4,E
430,0.066,0.9978,3.15,0.9,11.0,D
431,0.07400000000000001,0.9974,3.25,0.56,9.2,F
432,0.078,0.9958,3.0,0.65,12.8,E
433,0.091,1.0004,3.16,0.49,9.5,F
434,0.076,0.9996,3.15,0.89,9.9,E
435,0.091,1.0004,3.16,0.49,9.5,F
436,0.06,0.9958,3.26,0.56,10.2,E
437,0.066,0.9986,3.17,0.66,11.2,E
438,0.076,0.9996,3.15,0.89,9.9,E
439,0.062,0.9951,3.08,0.6,9.3,F
440,0.07200000000000001,0.9987,2.88,0.82,9.8,C
441,0.068,0.9988,3.06,0.68,11.3,E
442,0.1,1.0032,2.95,0.68,11.2,D
443,0.077,0.9963,3.23,0.63,11.6,D
444,0.054000000000000006,0.9934,3.57,0.84,12.5,D
445,0.079,0.9986,3.23,0.56,10.1,E
446,0.081,0.9996,3.1,0.73,10.5,F
447,0.127,0.9968,3.22,0.72,11.2,F
448,0.1,0.9967,3.2,0.56,10.2,E
449,0.095,0.9994,3.1,0.61,10.8,E
450,0.095,0.9994,3.1,0.61,10.8,E
451,0.413,0.9979,3.06,1.06,9.1,E
452,0.084,0.9968,3.44,0.63,10.0,E
453,0.084,0.9998,3.26,0.74,11.2,D
454,0.063,0.9952,3.5,0.63,11.1,F
455,0.086,0.9988,3.22,0.69,13.4,C
456,0.095,0.9986,3.37,0.58,10.3,F
457,0.097,0.9988,3.28,0.58,9.6,F
458,0.084,0.9998,3.26,0.74,11.2,D
459,0.07400000000000001,1.0008,3.25,0.57,9.0,H
460,0.083,0.9976,3.35,0.61,11.3,E
461,0.087,0.9982,3.26,0.61,9.3,F
462,0.085,0.997,3.18,0.61,11.8,F
463,0.098,0.9972,3.08,0.53,9.0,F
464,0.084,0.9987,2.98,0.7,9.2,E
465,0.098,1.0006,3.48,0.91,9.7,F
466,0.069,0.9982,3.16,0.72,11.5,E
467,0.065,0.9947,3.32,0.79,14.0,E
468,0.09,1.0,3.17,0.62,9.2,E
469,0.07,0.9952,3.2,0.58,9.8,F
470,0.093,0.9996,3.05,0.61,10.6,F
471,0.081,0.997,3.2,0.71,11.4,E
472,0.083,0.9995,3.15,0.82,10.4,E
473,0.062,0.9971,3.26,0.79,10.6,F
474,0.08,0.9982,3.2,0.89,9.4,E
475,0.087,0.9988,3.14,0.6,10.2,F
476,0.091,0.998,3.28,0.7,9.7,F
477,0.075,0.9977,3.18,1.06,11.0,E
478,0.087,0.9988,3.14,0.6,10.2,F
479,0.077,0.9984,3.19,0.7,10.1,E
480,0.069,1.0026,3.12,0.66,9.2,F
481,0.08,0.9964,3.15,0.92,11.7,C
482,0.152,0.9986,3.04,1.05,9.4,F
483,0.152,0.9986,3.04,1.06,9.4,F
484,0.114,0.997,3.06,0.66,13.4,E
485,0.054000000000000006,0.9976,3.17,0.47,10.0,F
486,0.054000000000000006,0.9976,3.17,0.47,10.0,F
487,0.053,0.9982,3.17,0.42,10.0,E
488,0.081,1.0002,3.32,0.92,10.8,D
489,0.073,0.9984,3.34,0.75,10.2,E
490,0.078,0.9984,3.31,0.67,10.6,E
491,0.055,0.9952,3.34,0.79,13.3,D
492,0.052000000000000005,0.995,3.32,0.9,13.4,D
493,0.086,1.0002,3.48,0.74,11.6,E
494,0.051,0.9952,3.44,0.55,12.1,E
495,0.07,0.9972,3.15,0.65,11.0,C
496,0.081,0.9984,3.43,0.65,9.0,E
497,0.09,0.9966,3.32,0.79,11.1,F
498,0.07,0.9972,3.15,0.65,11.0,C
499,0.086,1.0002,3.48,0.74,11.6,E
500,0.081,0.9984,3.43,0.65,9.0,E
501,0.07400000000000001,0.999,3.17,0.85,12.0,D
502,0.07400000000000001,0.999,3.17,0.85,12.0,D
503,0.078,0.9976,3.18,1.04,10.9,D
504,0.077,0.9976,3.21,1.05,10.8,D
505,0.07200000000000001,0.9968,3.16,0.78,12.5,D
506,0.075,0.9976,3.25,1.02,10.8,D
507,0.084,1.0,3.17,0.71,9.5,E
508,0.09,0.9994,3.18,0.63,10.2,E
509,0.084,0.9986,3.04,0.68,11.4,D
510,0.073,0.9978,3.02,0.61,9.5,F
511,0.09,0.9994,3.18,0.63,10.2,E
512,0.125,0.998,3.03,0.81,9.7,E
513,0.107,0.9973,3.09,0.66,11.8,D
514,0.107,0.9973,3.09,0.66,11.8,D
515,0.122,1.001,3.31,1.14,9.3,F
516,0.1,1.001,3.25,0.74,11.9,E
517,0.2,0.9994,3.16,0.63,8.4,H
518,0.08800000000000001,0.9972,3.22,0.68,11.7,E
519,0.08800000000000001,0.9966,3.36,0.78,11.0,F
520,0.08800000000000001,0.9982,3.42,0.9,10.0,E
521,0.08800000000000001,0.998,3.48,0.64,9.1,F
522,0.099,0.9979,3.38,0.99,9.8,F
523,0.085,0.9978,3.22,0.55,9.4,F
524,0.086,0.9976,3.23,0.64,9.5,F
525,0.105,0.9998,3.24,0.67,9.9,F
526,0.08800000000000001,0.9966,3.36,0.78,11.0,F
527,0.097,0.9962,3.39,0.77,11.4,E
528,0.084,0.9988,3.34,0.75,8.7,E
529,0.077,0.9974,3.09,0.57,9.4,F
530,0.078,0.999,3.41,0.87,10.3,E
531,0.098,1.0004,3.16,0.61,10.3,F
532,0.098,1.0004,3.16,0.61,10.3,F
533,0.07200000000000001,0.9956,3.22,0.66,12.8,E
534,0.102,1.0,3.28,0.56,10.0,E
535,0.078,0.999,3.41,0.87,10.3,E
536,0.077,0.9974,3.09,0.57,9.4,F
537,0.084,0.9972,3.37,0.77,10.7,E
538,0.066,1.0014,3.2,0.66,12.0,D
539,0.1,0.9996,3.22,0.62,11.2,F
540,0.101,0.9988,3.26,0.67,9.6,F
541,0.064,0.9988,3.21,0.73,11.0,E
542,0.07,0.9966,3.12,0.59,9.9,F
543,0.085,0.9993,3.06,0.72,11.0,E
544,0.075,1.0008,2.86,0.79,8.4,E
545,0.094,0.9982,3.08,0.59,9.1,F
546,0.078,0.9983,3.45,0.78,9.5,E
547,0.067,0.9987,3.26,0.86,10.7,E
548,0.079,0.9994,3.12,0.75,10.4,E
549,0.171,0.9975,3.27,0.61,9.4,E
550,0.07400000000000001,0.9958,3.33,0.56,9.5,E
551,0.092,0.998,3.19,0.73,10.0,E
552,0.092,0.998,3.12,0.74,10.0,E
553,0.05,0.9934,3.74,0.62,11.5,F
554,0.095,1.00315,2.92,0.74,11.1,F
555,0.095,1.00315,2.92,0.74,11.1,F
556,0.118,1.0002,3.07,0.56,11.7,E
557,0.095,1.00315,2.92,0.74,11.1,F
558,0.118,1.0002,3.07,0.56,11.7,E
559,0.085,1.0021,3.3,0.68,12.7,E
560,0.075,0.9994,3.14,0.57,11.4,F
561,0.078,0.9978,3.23,0.58,9.2,F
562,0.094,0.9982,3.08,0.61,9.2,F
563,0.092,0.9971,3.31,0.61,10.1,E
564,0.085,1.0021,3.3,0.68,12.7,E
565,0.075,0.9994,3.14,0.57,11.4,F
566,0.226,0.9991,3.32,0.6,9.0,E
567,0.226,0.9991,3.32,0.6,9.0,E
568,0.25,0.999,3.31,0.79,10.7,E
569,0.095,0.9946,3.57,0.57,11.7,E
570,0.07,1.0003,3.32,0.91,11.0,E
571,0.095,0.9946,3.57,0.57,11.7,E
572,0.075,0.9978,3.14,0.61,10.4,F
573,0.07,0.9991,3.3,0.56,9.6,G
574,0.078,0.9992,3.19,0.7,10.0,E
575,0.079,0.9993,3.2,0.8,10.2,E
576,0.103,0.9978,3.34,0.52,10.0,G
577,0.083,0.9982,3.3,0.6,9.5,F
578,0.085,0.9982,3.29,0.6,9.8,F
579,0.063,0.9976,3.14,0.51,9.8,E
580,0.08900000000000001,1.0002,3.19,0.44,9.6,F
581,0.08900000000000001,1.0002,3.19,0.44,9.6,F
582,0.083,1.0,3.19,0.43,9.2,F
583,0.07400000000000001,0.9976,2.98,0.66,9.9,D
584,0.093,1.0002,3.3,0.76,10.7,D
585,0.091,0.998,3.47,0.66,9.6,E
586,0.094,0.9986,3.12,1.02,10.6,D
587,0.108,0.9967,3.26,0.59,9.3,F
588,0.06,0.9917,3.72,0.74,14.0,C
589,0.059,0.9976,3.05,0.74,10.5,D
590,0.084,0.9987,3.35,0.57,9.7,F
591,0.07,0.9922,3.12,0.5,11.5,E
592,0.084,0.9987,3.35,0.57,9.7,F
593,0.094,1.0004,3.29,0.58,9.0,F
594,0.096,0.9978,3.4,0.53,9.5,F
595,0.086,0.9998,3.27,0.57,9.3,F
596,0.059,0.9994,3.04,0.6,9.3,E
597,0.071,0.998,3.09,0.63,10.0,E
598,0.078,0.9967,3.2,0.48,9.8,E
599,0.08199999999999999,1.0,3.0,0.7,9.3,E
600,0.08800000000000001,0.9962,3.26,0.47,10.0,G
601,0.071,1.0006,3.1,0.56,9.0,E
602,0.081,0.9975,3.3,0.52,9.3,F
603,0.071,1.0006,3.1,0.56,9.0,E
604,0.096,0.9984,3.17,0.62,9.1,E
605,0.085,0.9984,3.31,0.59,9.2,E
606,0.07200000000000001,0.9973,3.34,0.79,12.2,D
607,0.092,0.9982,3.31,0.53,10.5,E
608,0.11,1.0026,3.32,0.64,10.4,E
609,0.075,0.9956,3.56,0.52,12.7,E
610,0.083,0.9983,3.39,0.54,9.2,F
611,0.081,1.0006,2.98,0.54,9.4,F
612,0.077,0.9965,3.32,0.6,10.0,E
613,0.058,0.9962,3.26,0.74,9.8,F
614,0.14800000000000002,0.9969,2.87,1.36,10.2,E
615,0.079,0.9997,3.5,0.57,9.7,F
616,0.079,0.9997,3.5,0.57,9.7,F
617,0.079,0.9982,3.03,0.93,9.8,E
618,0.122,1.0006,3.13,0.7,10.2,F
619,0.08800000000000001,0.9988,3.09,0.8,9.3,F
620,0.076,0.9976,3.27,0.61,9.4,F
621,0.078,0.9976,3.28,0.62,9.4,F
622,0.08,0.9974,3.13,0.55,9.5,F
623,0.077,0.9974,3.49,0.96,12.1,E
624,0.124,0.9997,3.46,0.72,10.2,F
625,0.124,0.9997,3.46,0.72,10.2,F
626,0.098,0.9988,3.36,0.49,9.1,F
627,0.098,0.9988,3.36,0.49,9.1,F
628,0.097,0.9976,3.27,0.6,9.3,E
629,0.111,0.9964,3.21,0.61,9.3,F
630,0.097,0.9976,3.27,0.6,9.3,E
631,0.105,0.9988,3.25,0.63,9.5,F
632,0.087,0.9964,3.32,0.57,10.5,E
633,0.105,1.001,3.43,0.64,11.3,G
634,0.073,0.9964,3.27,0.58,9.5,F
635,0.065,0.9954,3.27,0.55,9.7,F
636,0.086,0.9979,3.24,0.53,9.4,F
637,0.084,0.9978,3.24,0.53,9.4,F
638,0.14300000000000002,0.9964,3.35,0.65,10.2,D
639,0.067,0.997,3.18,1.36,10.3,E
640,0.071,0.9991,3.39,0.62,9.4,F
641,0.071,0.9992,3.46,0.63,9.5,F
642,0.071,0.9991,3.39,0.62,9.4,F
643,0.071,0.9992,3.46,0.63,9.5,F
644,0.071,0.9991,3.39,0.62,9.4,F
645,0.115,0.9984,3.37,0.69,10.1,D
646,0.107,0.9972,3.4,0.63,10.1,F
647,0.07,0.9967,3.32,0.58,11.0,G
648,0.066,0.9964,3.33,0.67,11.2,D
649,0.068,0.9948,3.16,0.57,11.3,E
650,0.106,0.9986,2.89,0.5,9.6,F
651,0.104,1.001,3.41,0.67,11.2,F
652,0.096,0.9976,2.98,0.84,14.9,F
653,0.079,0.9976,3.12,0.54,12.0,E
654,0.07400000000000001,0.9979,3.08,0.46,9.5,F
655,0.087,1.0004,3.14,0.61,9.4,F
656,0.106,0.9986,2.89,0.5,9.6,F
657,0.073,0.998,2.92,0.68,10.5,D
658,0.07400000000000001,0.9973,3.32,0.81,9.6,E
659,0.096,0.997,3.41,0.57,11.0,G
660,0.07400000000000001,0.9973,3.32,0.81,9.6,E
661,0.08,0.9978,3.31,0.64,9.0,F
662,0.076,0.9972,3.36,0.7,9.6,E
663,0.05,0.9974,3.04,0.79,10.2,E
664,0.092,1.0,3.03,0.66,10.2,F
665,0.084,0.9981,3.14,0.56,9.7,F
666,0.222,0.998,3.18,0.6,9.5,E
667,0.08199999999999999,0.9988,2.94,0.66,9.2,E
668,0.059,0.9966,3.15,0.57,11.0,F
669,0.08199999999999999,0.9988,2.94,0.66,9.2,E
670,0.083,0.9959,3.26,0.58,10.0,F
671,0.07400000000000001,0.9968,3.2,0.52,9.5,F
672,0.079,0.998,3.15,0.53,9.5,F
673,0.07400000000000001,0.9968,3.2,0.52,9.5,F
674,0.084,0.9984,3.08,0.67,9.3,E
675,0.064,0.9984,3.26,0.65,10.2,F
676,0.084,0.9984,3.08,0.67,9.3,E
677,0.084,0.9979,3.4,0.48,9.9,F
678,0.081,0.9983,3.48,0.53,10.0,F
679,0.06,0.9972,3.13,0.54,9.6,F
680,0.07,1.0004,3.06,0.49,9.0,F
681,0.094,0.9962,3.21,0.49,10.2,E
682,0.078,0.998,3.33,0.54,9.8,F
683,0.059,0.997,3.37,0.56,11.3,F
684,0.078,0.998,3.25,0.48,9.4,F
685,0.059,0.997,3.37,0.56,11.3,F
686,0.07,0.997,3.44,0.6,9.1,F
687,0.095,0.9998,3.28,0.59,9.7,F
688,0.039,0.9962,3.4,0.47,9.4,F
689,0.157,0.9976,3.3,1.05,9.4,F
690,0.097,0.9966,3.63,0.54,10.7,H
691,0.087,0.9998,3.48,0.54,9.8,F
692,0.422,0.9979,3.03,1.17,9.0,F
693,0.084,0.9984,3.32,0.62,9.4,F
694,0.084,0.9984,3.31,0.61,9.4,F
695,0.034,0.9921,3.9,0.62,12.8,E
696,0.066,0.9972,3.47,0.67,9.5,E
697,0.066,0.9972,3.47,0.67,9.5,E
698,0.087,1.0001,3.31,0.53,9.7,F
699,0.071,0.9986,3.11,0.62,10.8,E
700,0.076,0.9984,3.08,0.57,10.1,E
701,0.066,0.9972,3.47,0.67,9.5,E
702,0.067,0.997,3.47,0.67,9.4,E
703,0.073,0.9972,3.32,0.7,9.6,G
704,0.078,0.998,3.29,0.54,9.7,G
705,0.073,0.999,3.37,0.49,9.9,F
706,0.093,0.9956,3.4,0.47,10.0,F
707,0.077,0.9966,3.37,0.51,10.5,F
708,0.068,0.996,3.34,0.61,11.6,E
709,0.062,0.9983,3.27,0.66,10.0,E
710,0.08,0.9985,3.06,0.57,10.1,F
711,0.093,0.9998,3.38,0.61,9.5,F
712,0.084,0.9992,3.36,0.45,9.4,F
713,0.075,0.9976,3.34,0.46,9.4,F
714,0.078,0.998,3.28,0.51,9.8,F
715,0.069,0.9967,3.29,0.48,9.2,E
716,0.075,0.9976,3.34,0.46,9.4,F
717,0.079,0.9968,3.21,0.57,10.0,F
718,0.08199999999999999,0.9976,3.22,0.44,9.6,F
719,0.086,0.9976,3.46,0.54,9.5,F
720,0.08199999999999999,0.9976,3.22,0.44,9.6,F
721,0.094,0.9982,3.1,0.53,9.2,F
722,0.084,0.9968,3.21,0.59,10.0,F
723,0.053,0.9965,2.94,1.62,9.5,F
724,0.086,0.9958,3.54,0.6,11.2,G
725,0.077,0.9976,3.29,0.55,10.4,F
726,0.084,0.9994,3.43,0.72,11.1,E
727,0.067,0.997,3.46,0.68,9.5,F
728,0.067,0.997,3.46,0.68,9.5,F
729,0.071,0.995,3.61,0.49,12.7,E
730,0.387,0.9982,3.17,0.67,9.6,F
731,0.08800000000000001,0.9994,3.44,0.52,11.5,F
732,0.092,0.9966,3.39,0.47,9.6,F
733,0.08199999999999999,0.998,3.55,0.6,9.5,F
734,0.075,0.9987,3.48,0.62,9.3,F
735,0.112,0.9963,3.26,0.5,9.5,F
736,0.112,0.9963,3.26,0.5,9.5,F
737,0.093,1.0002,3.5,0.65,9.3,E
738,0.092,0.9983,3.1,0.56,9.2,F
739,0.08800000000000001,0.999,3.35,0.6,9.3,F
740,0.075,0.9965,3.45,0.68,11.5,E
741,0.078,0.99788,3.21,0.57,9.5,F
742,0.065,0.9972,3.46,0.65,9.2,F
743,0.096,1.00024,3.13,0.53,10.0,F
744,0.095,1.0001,3.13,0.51,9.5,F
745,0.07,0.99768,3.52,0.73,9.5,E
746,0.08,0.9978,3.3,0.47,9.0,E
747,0.083,0.99782,3.3,0.48,9.4,F
748,0.071,0.99761,3.52,0.72,9.6,E
749,0.07,0.99768,3.52,0.73,9.5,E
750,0.08900000000000001,0.99803,3.29,0.55,9.5,F
751,0.08900000000000001,0.99803,3.29,0.55,9.5,F
752,0.097,0.99785,3.39,0.61,9.4,F
753,0.08900000000000001,0.99803,3.29,0.55,9.5,F
754,0.415,0.99656,3.09,1.06,9.1,E
755,0.058,0.99525,3.51,0.43,10.7,E
756,0.057,0.99488,3.6,0.46,11.2,E
757,0.084,0.99656,3.25,0.5,9.8,F
758,0.084,0.99656,3.25,0.5,9.8,F
759,0.092,0.99823,3.19,0.52,9.2,F
760,0.075,0.99779,3.23,0.57,9.7,F
761,0.096,0.99738,3.25,0.42,9.6,F
762,0.069,0.99701,3.31,0.53,10.0,E
763,0.096,0.99738,3.25,0.42,9.6,F
764,0.093,0.99888,3.31,0.55,9.5,E
765,0.091,0.99888,3.31,0.54,9.5,E
766,0.08900000000000001,0.99738,3.14,0.54,9.4,F
767,0.103,0.99938,3.45,0.62,9.5,F
768,0.08199999999999999,0.99744,3.55,0.53,9.7,E
769,0.076,0.99668,3.39,0.54,9.6,F
770,0.08199999999999999,0.99744,3.55,0.53,9.7,E
771,0.08199999999999999,0.9978,3.28,0.55,9.4,F
772,0.08199999999999999,0.99782,3.27,0.55,9.4,F
773,0.157,0.9973,3.3,0.92,9.5,E
774,0.157,0.99727,3.31,0.91,9.5,E
775,0.102,0.99586,3.43,0.46,10.0,F
776,0.243,0.99612,3.4,0.6,10.3,E
777,0.241,0.9961,3.4,0.59,10.3,E
778,0.079,0.99788,3.36,0.61,10.5,F
779,0.076,0.99745,3.5,0.6,9.8,F
780,0.19,0.99676,3.31,0.6,9.4,E
781,0.114,0.99732,3.66,0.65,9.8,F
782,0.081,0.99814,3.36,0.53,10.0,F
783,0.114,0.99732,3.66,0.65,9.8,F
784,0.077,0.99746,3.55,0.59,9.8,F
785,0.083,0.9982,3.21,0.5,9.5,F
786,0.083,0.9982,3.21,0.5,9.5,F
787,0.079,0.9991,3.18,0.56,10.1,E
788,0.079,0.9991,3.18,0.56,10.1,E
789,0.099,0.998,3.09,0.52,9.3,F
790,0.08199999999999999,0.99708,3.33,0.68,9.7,E
791,0.084,0.99818,3.23,0.54,9.6,F
792,0.081,0.99745,3.48,0.6,9.7,E
793,0.055,0.99639,3.38,0.56,10.8,F
794,0.065,0.99531,3.17,0.53,12.5,E
795,0.132,0.99786,2.99,1.18,10.2,F
796,0.126,0.99746,3.1,0.74,9.6,F
797,0.038,0.99526,3.24,0.81,10.8,D
798,0.08199999999999999,0.9987,3.29,0.52,10.7,E
799,0.08199999999999999,0.9987,3.29,0.52,10.7,E
800,0.08199999999999999,0.99641,3.25,0.51,9.4,F
801,0.068,0.99735,3.23,0.44,10.0,F
802,0.044,0.99264,3.56,0.94,12.9,D
803,0.114,0.9971,3.24,0.66,9.6,E
804,0.084,0.99682,3.26,0.57,9.9,E
805,0.052000000000000005,0.99356,3.33,0.7,12.8,D
806,0.041,0.99386,3.27,0.71,12.5,D
807,0.052000000000000005,0.99356,3.33,0.7,12.8,D
808,0.165,0.99702,3.26,0.86,9.2,F
809,0.07,0.99693,3.22,0.55,10.3,E
810,0.068,0.99562,3.3,0.47,10.5,F
811,0.07200000000000001,1.00012,3.09,0.68,10.9,E
812,0.099,0.99818,3.24,0.71,10.8,F
813,0.102,0.99462,3.44,0.58,11.4,G
814,0.103,0.99939,3.21,0.76,11.3,E
815,0.099,0.99818,3.24,0.71,10.8,F
816,0.081,0.9984,3.23,0.58,10.5,E
817,0.084,0.99545,3.28,0.73,11.9,E
818,0.071,0.99632,3.29,0.45,9.4,F
819,0.097,0.99976,3.28,0.54,9.6,F
820,0.099,0.99606,3.34,0.6,9.7,F
821,0.048,0.99154,3.71,0.74,14.0,D
822,0.076,0.9973,3.61,0.64,9.8,F
823,0.076,0.9973,3.61,0.64,9.8,F
824,0.068,0.99682,3.24,0.53,10.3,F
825,0.076,0.99624,3.36,0.49,10.7,F
826,0.05,0.9951,3.4,0.64,11.0,D
827,0.076,0.99624,3.36,0.49,10.7,F
828,0.065,0.99417,3.46,0.74,12.7,C
829,0.071,0.99376,3.56,0.77,11.1,E
830,0.058,0.99632,3.38,0.55,10.9,G
831,0.071,0.99376,3.56,0.77,11.1,E
832,0.145,0.99832,3.38,0.86,9.9,H
833,0.147,0.99836,3.38,0.86,9.9,G
834,0.08800000000000001,0.99694,3.32,0.47,9.4,F
835,0.066,0.99655,3.39,0.51,9.3,F
836,0.012,0.99064,3.26,0.39,11.7,D
837,0.012,0.99064,3.26,0.39,11.7,D
838,0.075,0.99672,3.24,0.83,11.2,D
839,0.092,0.99647,3.46,0.47,10.0,F
840,0.085,0.99736,3.24,0.77,12.1,D
841,0.115,0.99629,3.45,0.63,10.3,F
842,0.119,0.99708,3.23,0.72,10.9,E
843,0.08800000000000001,0.9963,3.28,0.62,9.4,F
844,0.062,0.9959,3.18,0.83,10.6,E
845,0.081,0.99689,3.59,0.66,9.8,F
846,0.081,0.99689,3.59,0.66,9.8,F
847,0.078,0.9977,3.5,0.7,9.9,E
848,0.081,0.99689,3.59,0.66,9.8,F
849,0.08,0.99689,3.58,0.66,9.8,F
850,0.085,0.99708,3.28,0.55,9.5,F
851,0.085,0.99708,3.28,0.55,9.5,F
852,0.08,0.99801,3.22,1.07,9.7,F
853,0.08,0.99652,3.47,0.73,10.9,E
854,0.08,0.99652,3.47,0.73,10.9,E
855,0.071,0.99538,3.51,0.71,11.7,D
856,0.08,0.99652,3.47,0.73,10.9,E
857,0.073,0.99594,3.4,0.78,11.3,D
858,0.054000000000000006,0.99686,3.15,0.67,10.6,D
859,0.07400000000000001,0.99438,3.4,0.82,11.2,E
860,0.077,0.99746,3.51,0.54,9.5,F
861,0.039,0.99357,3.66,0.6,11.5,E
862,0.067,0.99628,3.24,0.44,10.4,F
863,0.078,0.99746,3.51,0.53,9.7,F
864,0.077,0.99746,3.51,0.54,9.5,F
865,0.077,0.99748,3.51,0.54,9.7,F
866,0.071,0.99438,3.41,0.83,11.3,E
867,0.07200000000000001,0.99438,3.4,0.84,11.2,E
868,0.07400000000000001,0.99438,3.4,0.82,11.2,E
869,0.08,0.99578,3.44,0.64,10.9,E
870,0.064,0.99371,3.41,0.57,11.8,E
871,0.086,0.99522,3.53,0.57,10.6,F
872,0.067,0.99576,3.43,0.54,10.0,G
873,0.067,0.99552,3.23,0.58,11.1,D
874,0.104,0.99664,3.12,0.65,11.8,D
875,0.109,0.99614,3.31,0.79,11.8,D
876,0.067,0.99517,3.4,0.58,10.9,G
877,0.064,0.99371,3.41,0.57,11.8,E
878,0.094,0.99787,3.22,0.5,10.0,E
879,0.076,0.99745,3.53,0.55,9.5,F
880,0.078,0.99576,3.15,0.49,9.9,F
881,0.068,0.99533,3.48,0.65,11.4,E
882,0.194,0.99536,3.22,0.78,12.0,E
883,0.076,0.99745,3.53,0.55,9.5,F
884,0.094,0.99787,3.22,0.5,10.0,E
885,0.086,0.99824,3.34,0.64,10.5,F
886,0.083,0.99836,3.33,0.65,10.4,E
887,0.066,0.99577,3.15,0.79,12.1,D
888,0.07200000000000001,0.99491,3.43,0.56,11.2,E
889,0.112,1.00289,3.22,0.68,9.3,F
890,0.071,0.99576,3.44,0.58,10.1,F
891,0.078,0.99743,3.53,0.57,9.7,F
892,0.08199999999999999,0.99774,3.22,0.65,9.3,E
893,0.078,0.99743,3.53,0.57,9.7,F
894,0.08,0.99745,3.53,0.58,9.8,E
895,0.08,0.9955,3.42,0.58,10.7,E
896,0.078,0.99444,3.31,0.77,12.5,D
897,0.08,0.9955,3.42,0.58,10.7,E
898,0.078,0.99444,3.31,0.77,12.5,D
899,0.084,0.99892,3.48,0.49,11.0,H
900,0.056,0.99562,3.4,0.69,11.8,F
901,0.08,0.99736,3.58,0.69,10.8,D
902,0.08,0.99736,3.58,0.69,10.8,D
903,0.06,0.9962,3.41,0.59,10.8,D
904,0.06,0.9962,3.41,0.59,10.8,D
905,0.081,0.998,3.23,0.59,9.5,F
906,0.084,0.9964,3.39,0.71,11.0,F
907,0.079,0.9948,3.59,0.54,11.5,E
908,0.078,0.99528,3.43,0.59,10.8,E
909,0.059,0.99331,3.29,0.52,11.5,E
910,0.132,0.99577,3.23,0.57,13.2,E
911,0.114,0.99901,3.18,0.6,10.9,E
912,0.065,0.99674,3.33,0.62,12.2,E
913,0.094,0.99639,3.27,0.64,12.2,D
914,0.059,0.99331,3.29,0.52,11.5,E
915,0.079,0.99512,3.27,0.67,11.9,E
916,0.161,0.99395,3.62,0.61,11.0,F
917,0.084,0.99824,3.38,0.64,10.1,E
918,0.081,0.9964,3.3,0.72,11.0,E
919,0.07200000000000001,0.99504,3.38,0.89,11.8,E
920,0.091,0.99786,3.24,0.56,10.5,F
921,0.081,0.9964,3.3,0.72,11.0,E
922,0.07200000000000001,0.99504,3.38,0.89,11.8,E
923,0.084,0.99824,3.38,0.64,10.1,E
924,0.055,0.99516,3.18,0.8,11.2,F
925,0.064,0.99604,3.47,0.87,11.0,D
926,0.061,0.99786,3.47,0.9,10.2,E
927,0.093,0.99736,3.2,0.59,9.2,G
928,0.055,0.99516,3.18,0.8,11.2,F
929,0.063,0.99468,3.3,0.73,12.0,D
930,0.08,0.99746,3.69,0.73,10.5,F
931,0.07400000000000001,0.99748,3.48,0.65,9.8,F
932,0.078,0.9971,3.45,0.59,9.5,E
933,0.07400000000000001,0.99748,3.48,0.65,9.8,F
934,0.08,0.99746,3.69,0.73,10.5,F
935,0.06,0.99543,3.39,0.72,11.8,E
936,0.06,0.99543,3.39,0.72,11.8,E
937,0.071,0.99791,3.07,0.6,10.4,G
938,0.068,0.99356,3.34,0.72,12.9,D
939,0.073,0.99425,3.61,0.54,11.4,F
940,0.07400000000000001,0.99509,3.36,0.76,12.4,D
941,0.08199999999999999,0.99484,3.19,0.52,12.5,D
942,0.092,0.99834,3.22,0.64,10.0,D
943,0.094,0.99864,3.24,0.6,9.7,D
944,0.09,0.99498,3.27,0.64,12.1,D
945,0.071,0.99566,3.14,0.79,11.1,D
946,0.092,0.99745,3.29,0.99,12.0,D
947,0.093,0.99408,3.26,0.62,12.4,D
948,0.075,0.99552,3.41,0.76,11.9,D
949,0.075,0.99552,3.41,0.76,11.9,D
950,0.075,0.99552,3.41,0.76,11.9,D
951,0.093,0.99408,3.26,0.62,12.4,D
952,0.058,0.99536,3.31,0.68,11.2,D
953,0.052000000000000005,0.99458,3.2,0.69,12.1,D
954,0.08199999999999999,0.99538,3.44,0.54,12.2,E
955,0.09,0.99648,3.36,0.67,10.4,F
956,0.111,0.99568,3.31,0.62,11.3,E
957,0.08800000000000001,0.99613,3.29,0.58,11.1,E
958,0.12,0.99519,3.47,0.71,11.3,D
959,0.08900000000000001,0.99735,3.36,0.61,10.0,F
960,0.058,0.99518,3.16,0.85,11.1,E
961,0.078,0.99592,3.27,0.62,9.3,F
962,0.115,0.99654,3.38,0.69,9.5,F
963,0.1,0.99546,3.15,0.69,11.2,E
964,0.058,0.99518,3.16,0.85,11.1,E
965,0.065,0.99554,3.34,0.86,11.0,E
966,0.103,0.99604,3.13,0.58,11.9,D
967,0.097,0.99733,3.13,0.48,9.2,F
968,0.068,0.9943,3.2,0.6,12.2,E
969,0.079,0.99669,3.46,0.61,10.2,F
970,0.066,0.99724,3.33,0.87,10.9,E
971,0.066,0.99724,3.33,0.87,10.9,E
972,0.104,0.99643,3.22,0.65,11.6,D
973,0.079,0.99605,3.52,0.63,10.7,F
974,0.073,0.99658,3.3,0.62,12.1,D
975,0.083,0.997,3.44,0.52,9.4,F
976,0.083,0.997,3.44,0.52,9.4,F
977,0.109,0.99801,3.15,0.5,9.1,F
978,0.061,0.99416,3.28,0.49,11.3,D
979,0.075,0.9969,3.13,0.63,10.4,F
980,0.065,0.99774,3.32,0.71,10.5,E
981,0.079,0.99712,3.25,0.62,10.0,F
982,0.07,0.99418,3.34,0.82,12.9,E
983,0.065,0.99774,3.32,0.71,10.5,E
984,0.075,0.9969,3.13,0.63,10.4,F
985,0.064,0.99562,3.45,0.58,11.3,E
986,0.066,0.9947,3.19,0.55,11.4,D
987,0.08,0.99693,3.44,0.5,9.4,F
988,0.097,0.99596,3.16,0.49,9.4,F
989,0.073,0.99556,3.14,0.51,10.9,E
990,0.097,0.99596,3.16,0.49,9.4,F
991,0.08199999999999999,0.99694,3.45,0.48,9.4,F
992,0.076,0.99554,3.36,0.48,9.4,E
993,0.08199999999999999,0.99694,3.45,0.48,9.4,F
994,0.092,0.99918,3.15,0.43,9.4,F
995,0.079,0.99697,3.39,0.62,10.1,E
996,0.087,0.99378,3.71,0.63,12.8,D
997,0.087,0.99378,3.71,0.63,12.8,D
998,0.05,0.99554,3.12,0.48,9.1,E
999,0.055,0.99162,3.47,0.53,12.9,E
1000,0.062,0.99495,3.44,0.72,11.5,D
1001,0.058,0.99676,3.26,0.82,10.6,D
1002,0.063,0.99516,3.26,0.84,11.7,D
1003,0.067,0.9928,3.36,0.55,12.8,D
1004,0.081,0.99603,3.25,0.54,10.3,F
1005,0.067,0.9928,3.36,0.55,12.8,D
1006,0.063,0.99516,3.26,0.84,11.7,D
1007,0.064,0.99516,3.26,0.84,11.7,D
1008,0.11,0.99549,3.23,0.7,12.0,D
1009,0.116,0.99722,3.18,0.68,10.9,F
1010,0.067,0.99354,3.25,0.55,12.3,D
1011,0.08800000000000001,0.9957,3.17,0.55,10.4,E
1012,0.102,0.99604,3.23,0.48,10.0,F
1013,0.092,0.99635,3.38,0.58,10.0,E
1014,0.12,0.99454,3.22,0.58,11.2,E
1015,0.075,0.99598,3.06,0.84,11.4,E
1016,0.068,0.99486,3.27,0.75,12.6,D
1017,0.049,0.99007,2.89,0.44,12.7,E
1018,0.049,0.99007,2.89,0.44,12.7,E
1019,0.078,0.99636,3.53,0.61,10.4,F
1020,0.123,0.99642,3.2,0.53,11.9,E
1021,0.123,0.99642,3.2,0.53,11.9,E
1022,0.062,0.99584,3.35,0.54,10.5,F
1023,0.098,0.99506,3.27,0.55,12.3,E
1024,0.08800000000000001,0.99568,3.32,0.56,10.5,D
1025,0.095,0.99822,3.33,0.6,10.4,E
1026,0.066,0.99364,3.41,0.56,12.6,E
1027,0.065,0.99378,3.49,0.52,11.6,F
1028,0.075,0.99586,3.37,0.54,10.1,E
1029,0.08800000000000001,0.99568,3.32,0.56,10.5,D
1030,0.091,0.99488,3.42,0.55,11.5,D
1031,0.093,0.99514,3.35,0.58,11.0,D
1032,0.095,0.99854,3.36,0.53,9.6,F
1033,0.08900000000000001,0.99592,3.3,0.59,10.4,E
1034,0.077,0.99739,3.2,0.47,9.7,E
1035,0.085,0.99683,3.17,0.65,10.6,D
1036,0.08199999999999999,0.99356,3.22,0.59,12.5,D
1037,0.07400000000000001,0.99672,3.35,0.56,9.2,F
1038,0.078,0.9953,3.24,0.77,12.6,D
1039,0.08800000000000001,0.99692,3.33,0.83,11.1,E
1040,0.08800000000000001,0.99756,3.58,0.67,10.2,F
1041,0.079,0.99547,3.38,0.64,9.8,E
1042,0.08800000000000001,0.99692,3.33,0.83,11.1,E
1043,0.069,0.99859,3.29,0.81,10.9,D
1044,0.046,0.99294,3.36,0.62,12.2,E
1045,0.07,0.99438,3.32,0.58,11.4,E
1046,0.076,0.99612,3.31,0.62,10.7,E
1047,0.08199999999999999,0.99634,3.49,0.64,10.4,F
1048,0.081,0.99702,3.27,0.78,10.9,E
1049,0.084,0.99704,3.27,0.77,10.8,E
1050,0.08199999999999999,0.99634,3.49,0.64,10.4,F
1051,0.414,0.99702,3.03,1.34,9.2,F
1052,0.073,0.99258,3.56,0.55,12.9,F
1053,0.07,0.99426,3.38,0.77,12.7,D
1054,0.095,0.99747,3.13,0.62,9.1,E
1055,0.095,0.99747,3.13,0.62,9.1,E
1056,0.101,0.99586,3.21,0.59,12.1,D
1057,0.104,0.99784,3.15,0.57,9.1,F
1058,0.093,0.9971,3.19,0.76,11.6,D
1059,0.101,0.99586,3.21,0.59,12.1,D
1060,0.07400000000000001,0.9981,3.14,0.7,9.9,E
1061,0.071,0.99462,3.21,0.69,12.5,C
1062,0.098,0.9956,3.3,0.64,11.4,E
1063,0.075,0.99565,3.22,0.63,11.8,E
1064,0.067,0.99418,3.28,0.57,11.8,E
1065,0.083,0.9963,3.29,0.6,10.2,E
1066,0.07,0.99358,3.4,0.72,12.5,D
1067,0.06,0.99572,3.02,0.83,10.9,D
1068,0.06,0.99572,3.02,0.83,10.9,D
1069,0.086,0.997,3.31,0.62,10.8,F
1070,0.057,0.99498,3.18,0.89,11.1,D
1071,0.098,0.99892,3.2,0.58,9.2,F
1072,0.083,0.9968,3.4,0.58,9.5,E
1073,0.08800000000000001,0.9972,3.31,0.58,10.7,E
1074,0.098,0.99892,3.2,0.58,9.2,F
1075,0.071,0.99769,3.44,0.86,10.2,D
1076,0.073,0.99534,3.15,0.73,11.4,E
1077,0.08,0.99817,3.27,0.58,11.0,F
1078,0.08,0.99817,3.27,0.58,11.0,F
1079,0.05,0.99316,3.01,0.51,12.3,D
1080,0.047,0.99471,3.16,0.51,11.8,E
1081,0.05,0.99316,3.01,0.51,12.3,D
1082,0.073,0.99685,3.42,0.59,9.5,E
1083,0.07200000000000001,0.99617,3.33,0.77,12.0,E
1084,0.073,0.99685,3.42,0.59,9.5,E
1085,0.07400000000000001,0.99529,3.12,0.49,9.6,F
1086,0.055,0.99738,3.38,0.66,11.6,D
1087,0.057,0.994,3.29,0.69,11.2,E
1088,0.095,0.99735,3.02,0.76,9.9,D
1089,0.095,0.99735,3.02,0.76,9.9,D
1090,0.083,0.99451,2.98,0.63,11.8,C
1091,0.086,0.99546,3.35,0.6,11.4,E
1092,0.081,0.99479,3.43,0.59,11.5,E
1093,0.079,0.99615,3.33,0.86,12.0,D
1094,0.117,0.99655,3.35,0.49,10.8,E
1095,0.087,0.99772,3.15,0.5,10.5,F
1096,0.117,0.99655,3.35,0.49,10.8,E
1097,0.096,0.99666,3.2,0.52,9.4,F
1098,0.21600000000000005,0.99358,3.15,0.81,12.5,D
1099,0.096,0.99666,3.2,0.52,9.4,F
1100,0.07200000000000001,0.99392,3.11,0.78,12.4,E
1101,0.071,0.99388,3.35,0.63,12.0,E
1102,0.078,0.99402,3.45,0.54,11.2,E
1103,0.071,0.99388,3.35,0.63,12.0,E
1104,0.073,0.9936,3.28,0.66,12.4,E
1105,0.048,0.99374,3.41,0.6,12.8,F
1106,0.069,0.99376,3.21,0.54,12.3,E
1107,0.068,0.99523,3.27,0.85,11.7,D
1108,0.09,0.99855,3.36,0.49,9.5,F
1109,0.171,0.9982,3.17,0.76,10.8,E
1110,0.07,0.99593,3.25,0.64,10.0,E
1111,0.092,0.99471,3.78,0.64,12.3,D
1112,0.056,0.99396,3.29,0.71,11.0,E
1113,0.07400000000000001,0.99698,3.12,0.59,9.5,E
1114,0.046,0.9902,3.49,0.66,13.6,E
1115,0.091,0.99572,3.38,0.6,11.3,E
1116,0.091,0.99572,3.38,0.6,11.3,E
1117,0.091,0.99572,3.38,0.6,11.3,E
1118,0.065,0.99252,3.3,0.53,13.3,E
1119,0.066,0.99256,3.52,0.58,12.9,F
1120,0.076,0.99235,3.2,0.72,13.1,C
1121,0.062,0.99352,3.44,0.55,12.3,E
1122,0.055,0.9922,3.45,0.48,12.3,E
1123,0.081,0.99674,3.12,0.65,11.2,E
1124,0.096,0.99557,3.62,0.62,11.5,G
1125,0.055,0.99394,3.14,0.59,11.3,D
1126,0.063,0.9915,3.39,0.54,13.5,E
1127,0.07200000000000001,0.99379,3.51,0.6,11.5,E
1128,0.095,0.9984,3.22,0.68,10.0,F
1129,0.092,0.99798,3.21,0.69,10.5,E
1130,0.058,0.9977,3.18,0.63,10.4,E
1131,0.045,0.99341,3.32,0.44,9.5,F
1132,0.075,0.9933,3.38,0.88,13.6,D
1133,0.08900000000000001,0.99684,3.37,0.68,11.2,D
1134,0.061,0.99524,3.3,0.74,11.8,D
1135,0.067,0.9946,3.38,0.6,11.9,E
1136,0.08,0.99774,3.22,0.76,11.4,E
1137,0.08,0.99774,3.22,0.76,11.4,E
1138,0.104,0.99786,3.14,0.58,9.1,F
1139,0.079,0.99764,3.34,0.64,9.5,E
1140,0.08,0.9969,3.41,0.65,9.5,E
1141,0.08,0.99624,3.27,0.85,11.0,E
1142,0.043,0.99354,3.3,0.65,11.4,E
1143,0.065,0.99672,3.61,0.82,10.0,E
1144,0.066,0.99588,3.43,0.62,10.1,F
1145,0.076,0.99672,3.53,0.81,10.4,E
1146,0.17800000000000002,0.996,3.28,0.87,9.8,E
1147,0.071,0.99702,3.21,0.49,11.8,D
1148,0.086,0.99526,3.39,0.66,11.6,E
1149,0.061,0.99585,3.23,0.52,12.0,E
1150,0.067,0.99473,3.3,0.76,12.8,D
1151,0.044,0.99352,3.46,0.65,12.5,E
1152,0.118,0.99616,3.15,0.53,9.8,F
1153,0.083,0.99622,3.23,0.66,11.1,E
1154,0.1,0.99544,3.59,0.68,11.4,E
1155,0.118,0.99616,3.15,0.53,9.8,F
1156,0.071,0.99524,3.33,0.76,11.8,D
1157,0.042,0.9924,3.46,0.87,12.9,D
1158,0.076,0.99572,3.42,1.16,10.6,E
1159,0.11,0.99728,3.16,0.67,10.8,F
1160,0.087,0.99676,3.14,0.72,11.1,D
1161,0.076,0.99551,3.21,0.75,10.2,E
1162,0.075,0.99434,3.14,0.71,11.8,D
1163,0.078,0.99692,3.29,0.67,10.0,F
1164,0.078,0.99692,3.29,0.67,10.0,F
1165,0.369,0.99634,3.01,1.1,9.4,F
1166,0.111,0.99709,2.94,0.98,10.2,F
1167,0.07400000000000001,0.99528,3.32,0.88,12.4,D
1168,0.067,0.99384,3.21,0.56,12.0,E
1169,0.086,0.99502,3.32,0.62,11.5,E
1170,0.062,0.99667,3.2,0.67,10.5,E
1171,0.078,0.99522,3.42,0.68,10.8,E
1172,0.07400000000000001,0.99649,3.27,0.74,12.3,E
1173,0.079,0.99716,3.46,0.62,9.5,E
1174,0.079,0.99716,3.46,0.62,9.5,E
1175,0.095,0.99541,3.61,0.7,11.5,E
1176,0.079,0.99572,3.58,0.5,11.2,G
1177,0.052000000000000005,0.99318,3.35,0.66,12.7,D
1178,0.041,0.99346,3.68,0.73,11.4,F
1179,0.076,0.99599,3.27,0.81,11.0,E
1180,0.076,0.99599,3.27,0.81,11.0,E
1181,0.068,0.99478,3.19,0.46,11.4,F
1182,0.068,0.99754,3.38,0.86,10.5,E
1183,0.07,0.99572,3.29,0.6,9.3,F
1184,0.08,0.99538,3.36,0.7,10.9,F
1185,0.085,0.99346,3.33,0.46,11.9,E
1186,0.079,0.9963,3.52,0.5,12.2,F
1187,0.085,0.99346,3.33,0.46,11.9,E
1188,0.08,0.99538,3.36,0.7,10.9,F
1189,0.075,0.99616,3.3,0.44,9.6,G
1190,0.08,0.99652,3.28,0.57,12.5,E
1191,0.166,0.99551,3.56,0.51,10.8,F
1192,0.063,0.99439,3.52,0.8,12.4,D
1193,0.166,0.99551,3.56,0.51,10.8,F
1194,0.114,0.99588,3.22,0.59,9.5,E
1195,0.078,0.99633,3.52,0.6,9.5,E
1196,0.076,0.99686,3.21,0.58,9.5,E
1197,0.069,0.99458,3.16,0.54,9.8,E
1198,0.052000000000000005,0.9951,3.15,0.79,10.9,E
1199,0.076,0.99686,3.21,0.58,9.5,E
1200,0.069,0.99458,3.16,0.54,9.8,E
1201,0.065,0.99419,3.27,0.54,11.2,D
1202,0.068,0.99516,3.35,0.69,11.7,C
1203,0.111,0.99878,3.14,0.55,9.4,F
1204,0.07400000000000001,0.99534,3.4,0.85,11.0,D
1205,0.07400000000000001,0.99534,3.4,0.85,11.0,D
1206,0.07400000000000001,0.99534,3.4,0.85,11.0,D
1207,0.136,0.99752,3.35,0.94,10.0,F
1208,0.07400000000000001,0.99534,3.4,0.85,11.0,D
1209,0.071,0.99428,3.45,0.87,11.2,D
1210,0.078,0.99498,3.35,0.62,10.4,E
1211,0.076,0.9957,3.32,0.62,9.3,F
1212,0.078,0.99498,3.35,0.62,10.4,E
1213,0.071,0.99659,3.15,0.75,10.5,E
1214,0.081,0.99628,3.1,0.48,10.4,E
1215,0.095,0.99488,3.26,0.56,11.3,E
1216,0.079,0.99677,3.29,0.69,9.5,E
1217,0.057,0.99408,3.23,0.81,12.0,E
1218,0.08199999999999999,0.996,3.24,0.69,10.6,E
1219,0.044,0.99478,3.2,0.83,10.9,E
1220,0.132,0.99734,3.28,0.77,11.5,E
1221,0.132,0.99734,3.28,0.77,11.5,E
1222,0.078,0.99678,3.26,0.46,9.6,E
1223,0.07400000000000001,0.99638,3.23,0.76,12.0,E
1224,0.08,0.9992,3.07,0.82,10.3,E
1225,0.091,0.99922,3.15,0.51,9.4,F
1226,0.08,0.99592,3.02,0.47,9.2,F
1227,0.104,0.99769,3.27,0.72,9.6,F
1228,0.044,0.99157,3.68,0.73,13.6,D
1229,0.075,0.99718,3.4,0.64,9.5,F
1230,0.066,0.9947,3.37,0.78,11.8,E
1231,0.07400000000000001,0.99621,3.38,0.62,10.8,F
1232,0.075,0.99718,3.4,0.64,9.5,F
1233,0.057,0.99614,3.23,0.49,9.3,G
1234,0.059,0.99242,3.39,0.4,12.8,E
1235,0.054000000000000006,0.99572,3.3,0.56,11.5,G
1236,0.07,0.99659,3.26,0.64,9.4,E
1237,0.059,0.99242,3.39,0.4,12.8,E
1238,0.081,0.99798,3.38,0.46,9.6,G
1239,0.057,0.99488,3.45,0.56,11.8,G
1240,0.076,0.99494,3.1,0.4,9.3,F
1241,0.079,0.99729,3.16,0.59,9.8,F
1242,0.058,0.99414,3.22,0.6,12.2,E
1243,0.08199999999999999,0.9983,3.37,0.62,9.5,F
1244,0.067,0.99721,3.33,0.54,10.3,E
1245,0.08199999999999999,0.99655,3.49,0.68,10.5,F
1246,0.086,0.99502,3.12,0.48,10.0,F
1247,0.08199999999999999,0.99655,3.49,0.68,10.5,F
1248,0.081,0.9949,3.41,0.75,11.1,E
1249,0.079,0.99514,3.4,0.61,10.9,E
1250,0.079,0.99514,3.4,0.61,10.9,E
1251,0.077,0.9963,3.28,0.59,9.8,F
1252,0.123,0.99627,3.45,0.58,9.8,F
1253,0.096,0.99569,3.43,0.58,9.5,F
1254,0.079,0.99628,3.4,0.69,10.9,F
1255,0.069,0.99358,3.47,0.45,11.0,F
1256,0.08199999999999999,0.99499,3.1,0.42,9.2,F
1257,0.085,0.99633,3.32,0.7,11.0,E
1258,0.123,0.99538,3.44,0.63,11.3,E
1259,0.123,0.99538,3.44,0.63,11.3,E
1260,0.403,0.99632,3.02,1.15,9.3,F
1261,0.083,0.99437,3.59,0.55,11.2,G
1262,0.081,0.99726,3.15,0.58,9.8,F
1263,0.08900000000000001,0.9978,3.37,0.46,9.6,G
1264,0.066,0.99456,3.38,0.72,11.8,E
1265,0.081,0.99564,3.38,0.6,10.3,E
1266,0.081,0.99564,3.38,0.6,10.3,E
1267,0.068,0.996,3.1,0.87,11.4,E
1268,0.079,0.99668,3.47,0.55,9.5,E
1269,0.044,0.9908,3.5,0.82,14.0,C
1270,0.048,0.99084,3.7,0.75,14.0,E
1271,0.049,0.9935,3.38,0.57,11.7,E
1272,0.077,0.99385,3.5,0.53,11.2,F
1273,0.073,0.99494,3.1,0.43,9.3,F
1274,0.102,0.9944,3.24,0.53,11.2,E
1275,0.075,0.99688,3.24,0.54,9.5,E
1276,0.05,0.99566,3.28,0.56,12.0,G
1277,0.114,0.99636,3.35,0.6,9.7,E
1278,0.075,0.99688,3.24,0.54,9.5,E
1279,0.062,0.9948,3.14,0.57,11.5,D
1280,0.077,0.9956,3.37,0.64,10.4,E
1281,0.077,0.9956,3.37,0.64,10.4,E
1282,0.084,0.99619,3.33,0.68,10.9,E
1283,0.096,0.99734,3.26,0.63,10.2,E
1284,0.071,0.99476,3.39,0.56,10.9,F
1285,0.09,0.99734,3.15,0.57,10.5,F
1286,0.068,0.99328,3.35,0.54,12.4,E
1287,0.056,0.99286,3.22,0.37,13.0,F
1288,0.068,0.99914,3.3,1.17,10.2,F
1289,0.068,0.99914,3.3,1.17,10.2,F
1290,0.1,0.99521,3.36,0.59,11.0,F
1291,0.073,0.99638,3.29,0.75,10.9,E
1292,0.056,0.99362,3.62,0.67,12.4,E
1293,0.084,0.99672,3.34,0.49,9.7,G
1294,0.073,0.99638,3.29,0.75,10.9,E
1295,0.093,0.99558,3.2,0.45,9.5,F
1296,0.093,0.99558,3.2,0.45,9.5,F
1297,0.064,0.99323,3.35,0.61,12.1,E
1298,0.063,0.99191,3.45,0.56,12.2,E
1299,0.13699999999999998,0.99476,3.5,0.4,10.9,H
1300,0.08,0.99444,3.78,0.61,12.5,E
1301,0.1,0.99598,3.6,0.74,11.7,E
1302,0.064,0.99576,3.3,0.8,11.2,E
1303,0.081,0.99501,3.36,0.66,11.2,F
1304,0.087,0.9955,3.12,0.44,9.2,F
1305,0.073,0.99612,3.3,0.53,9.8,F
1306,0.08800000000000001,0.9979,3.29,0.62,10.1,F
1307,0.068,0.99524,3.41,0.52,11.1,G
1308,0.08800000000000001,0.9979,3.29,0.62,10.1,F
1309,0.071,0.996,3.28,0.61,9.2,F
1310,0.073,0.99612,3.3,0.53,9.8,F
1311,0.064,0.9929,3.33,0.59,12.8,E
1312,0.083,0.99532,3.34,0.47,10.5,F
1313,0.086,0.99558,3.4,0.54,10.1,E
1314,0.086,0.99556,3.4,0.53,10.1,E
1315,0.083,0.99616,3.26,0.58,9.8,E
1316,0.041,0.99258,4.01,0.59,12.5,E
1317,0.091,0.99638,3.18,0.69,11.9,E
1318,0.083,0.99616,3.26,0.58,9.8,E
1319,0.414,0.99652,2.9,1.33,9.1,E
1320,0.094,0.99796,3.26,0.66,10.1,F
1321,0.041,0.99258,4.01,0.59,12.5,E
1322,0.058,0.99392,3.18,0.55,11.4,F
1323,0.06,0.99495,3.18,0.82,11.0,D
1324,0.077,0.9948,3.39,0.6,10.6,E
1325,0.077,0.9948,3.39,0.6,10.6,E
1326,0.077,0.9948,3.39,0.6,10.6,E
1327,0.077,0.9948,3.39,0.6,10.6,E
1328,0.073,0.9955,3.34,0.52,9.3,F
1329,0.083,0.99616,3.29,0.56,9.8,E
1330,0.083,0.99616,3.29,0.56,9.8,E
1331,0.107,0.99668,3.26,0.46,9.2,F
1332,0.075,0.99581,3.09,0.43,9.7,E
1333,0.079,0.9976,3.18,0.51,9.6,F
1334,0.166,0.99608,3.39,0.52,10.0,F
1335,0.069,0.99387,3.38,0.66,12.6,E
1336,0.057,0.99448,3.36,0.45,9.5,F
1337,0.057,0.99448,3.36,0.45,9.5,F
1338,0.057,0.99448,3.36,0.45,9.5,F
1339,0.084,0.99538,3.36,0.54,10.5,E
1340,0.084,0.99538,3.36,0.54,10.5,E
1341,0.084,0.99538,3.36,0.54,10.5,E
1342,0.085,0.99589,3.37,0.51,10.4,E
1343,0.084,0.99538,3.36,0.54,10.5,E
1344,0.077,0.99852,3.09,0.53,11.0,F
1345,0.063,0.99613,3.25,0.53,10.2,E
1346,0.056,0.99472,3.52,0.56,11.4,F
1347,0.078,0.99587,3.34,0.39,9.5,F
1348,0.078,0.99587,3.34,0.39,9.5,F
1349,0.081,0.99518,3.41,0.52,10.8,F
1350,0.069,0.99654,3.34,0.57,10.0,F
1351,0.065,0.99332,3.32,0.51,11.8,E
1352,0.086,0.9969,3.37,0.46,10.3,F
1353,0.086,0.9969,3.37,0.46,10.3,F
1354,0.077,0.99568,3.35,0.52,10.0,F
1355,0.086,0.99464,3.36,0.44,10.1,F
1356,0.084,0.99464,3.36,0.44,10.1,F
1357,0.078,0.99648,3.6,0.59,11.1,E
1358,0.168,0.99736,3.28,0.5,9.5,F
1359,0.091,0.99704,3.07,0.65,10.0333333333333,E
1360,0.112,0.99699,3.24,0.56,10.9,F
1361,0.093,0.99724,3.36,0.54,10.1,F
1362,0.091,0.99704,3.07,0.65,10.0333333333333,E
1363,0.08,0.99652,3.29,0.48,9.8,G
1364,0.096,0.995,3.46,0.53,11.8,E
1365,0.115,0.9971,3.18,0.62,9.5,F
1366,0.094,0.99576,3.24,0.5,9.8,F
1367,0.08800000000000001,0.99725,3.25,1.18,10.5,E
1368,0.079,0.99656,3.27,0.5,9.8,E
1369,0.069,0.99396,3.33,0.37,10.4,G
1370,0.415,0.99623,3.0,1.17,9.2,F
1371,0.153,0.99476,3.21,1.03,11.6,E
1372,0.415,0.99623,3.0,1.17,9.2,F
1373,0.11,0.99664,3.24,0.45,9.3,F
1374,0.267,0.99471,3.32,0.51,9.8,H
1375,0.083,0.99586,3.26,0.52,9.9,F
1376,0.086,0.9946,3.11,0.46,10.0,F
1377,0.09,0.9953,3.71,0.62,12.2,E
1378,0.078,0.99609,3.29,0.51,9.9,E
1379,0.077,0.99557,3.36,0.62,10.8,E
1380,0.077,0.99557,3.36,0.62,10.8,E
1381,0.07400000000000001,0.99534,3.38,0.45,9.6,F
1382,0.08,0.99613,3.3,0.49,9.9,F
1383,0.08,0.99613,3.3,0.49,9.9,F
1384,0.107,0.99593,3.19,0.5,9.5,F
1385,0.076,0.99668,3.19,0.42,9.2,F
1386,0.1,0.9961,3.3,0.58,9.6,F
1387,0.1,0.9961,3.3,0.58,9.6,F
1388,0.083,0.99718,3.35,0.68,10.3,F
1389,0.08,0.99524,3.1,0.53,9.7,F
1390,0.068,0.99292,3.58,0.59,12.5,E
1391,0.094,0.99612,3.37,0.58,11.0,F
1392,0.07,0.9942,3.17,0.48,9.8,F
1393,0.078,0.99612,3.3,0.48,10.2,F
1394,0.07,0.99669,3.32,0.48,9.2,F
1395,0.092,0.99745,3.31,0.65,9.55,E
1396,0.09,0.99745,3.31,0.65,9.55,F
1397,0.08,0.99584,3.28,0.52,9.9,F
1398,0.083,0.9966,3.52,0.62,10.2,D
1399,0.068,0.9956,3.42,0.72,11.1,E
1400,0.08,0.9962,3.25,0.51,9.9,F
1401,0.08,0.9962,3.25,0.51,9.9,F
1402,0.052000000000000005,0.9963,3.44,0.82,11.9,E
1403,0.061,0.996,3.23,1.1,10.0,C
1404,0.08199999999999999,0.9985,3.43,0.62,10.7,E
1405,0.062,0.9952,3.28,0.9,11.3,D
1406,0.062,0.9974,3.22,0.94,10.9,E
1407,0.064,0.995,3.54,0.93,10.7,E
1408,0.048,0.995,3.27,1.01,12.4,D
1409,0.064,0.995,3.54,0.93,10.7,E
1410,0.08199999999999999,0.9936,3.5,0.44,11.9,E
1411,0.071,0.9963,3.56,0.73,10.6,E
1412,0.062,0.9974,3.22,0.94,10.9,E
1413,0.104,0.9963,3.04,0.9,10.1,F
1414,0.077,0.9994,3.2,0.78,9.6,F
1415,0.065,0.9966,3.56,0.84,9.4,F
1416,0.077,0.9994,3.2,0.78,9.6,F
1417,0.064,0.9952,3.35,0.77,12.1,D
1418,0.077,0.995,3.16,0.46,9.8,F
1419,0.077,0.9956,3.27,0.45,9.9,F
1420,0.077,0.995,3.16,0.46,9.8,F
1421,0.079,0.9965,3.34,0.58,9.4,F
1422,0.079,0.9956,3.39,0.84,11.4,E
1423,0.123,0.9968,3.5,0.67,11.0,G
1424,0.076,0.9974,3.26,0.7,9.6,E
1425,0.076,0.9974,3.26,0.7,9.6,E
1426,0.046,0.9971,3.41,0.71,12.1,E
1427,0.078,0.9957,3.3,0.58,11.2,F
1428,0.07200000000000001,0.9962,3.31,0.63,11.0,F
1429,0.049,0.996,3.33,0.93,11.3,F
1430,0.066,0.9956,3.37,0.62,10.4,F
1431,0.069,0.9958,3.26,0.54,9.9,E
1432,0.042,0.9944,3.48,0.85,11.7,E
1433,0.069,0.9955,3.42,0.74,10.1,D
1434,0.214,1.00369,3.18,0.77,9.0,E
1435,0.214,1.00369,3.18,0.77,9.0,E
1436,0.16899999999999998,0.99914,3.15,0.65,8.5,F
1437,0.07,0.99577,3.53,0.54,11.1,F
1438,0.052000000000000005,0.996,3.41,0.47,10.3,F
1439,0.07200000000000001,0.99566,3.32,0.68,11.066666666666698,E
1440,0.062,0.9947,3.23,0.73,11.3,D
1441,0.094,0.99713,3.16,0.52,9.56666666666667,E
1442,0.078,0.99712,3.4,0.75,9.8,F
1443,0.058,0.99322,3.38,0.49,11.7,F
1444,0.07200000000000001,0.99566,3.32,0.68,11.1,E
1445,0.094,0.99713,3.16,0.52,9.6,E
1446,0.078,0.99712,3.4,0.75,9.8,F
1447,0.08,0.99701,3.4,0.74,9.7,F
1448,0.08,0.99683,3.4,0.73,9.7,F
1449,0.056,0.99472,3.23,0.76,11.3,C
1450,0.062,0.9947,3.23,0.73,11.3,D
1451,0.104,0.99732,3.33,0.78,11.0,D
1452,0.062,0.99374,3.35,0.76,11.6,D
1453,0.07400000000000001,0.99706,3.41,0.58,9.0,F
1454,0.073,0.99974,3.21,0.69,10.9,E
1455,0.052000000000000005,0.99467,3.5,0.63,10.9,E
1456,0.05,0.99236,3.3,0.5,10.55,E
1457,0.07400000000000001,0.99706,3.41,0.58,9.0,F
1458,0.067,0.99603,3.39,0.6,10.5,F
1459,0.054000000000000006,0.99458,3.32,0.8,11.9,D
1460,0.054000000000000006,0.99724,3.41,0.68,10.4,E
1461,0.06,0.99664,3.59,0.61,10.0,G
1462,0.075,0.99545,3.36,0.58,10.4,E
1463,0.076,0.99522,3.34,0.53,10.8,E
1464,0.063,0.9958,3.41,0.67,9.7,F
1465,0.063,0.9958,3.41,0.67,9.7,F
1466,0.062,0.99728,3.3,0.65,10.0,D
1467,0.067,0.99648,3.52,0.57,11.0,G
1468,0.062,0.99728,3.3,0.65,10.0,D
1469,0.061,0.99705,3.31,0.55,9.7,H
1470,0.084,0.99578,2.88,0.47,9.7,F
1471,0.067,0.99334,3.43,0.52,12.6,F
1472,0.073,0.99656,3.38,0.79,11.1,E
1473,0.071,0.99336,3.38,0.54,11.0,F
1474,0.205,1.00242,3.16,0.75,8.8,F
1475,0.048,0.99182,3.54,0.88,13.566666666666698,D
1476,0.205,1.00242,3.16,0.75,8.8,F
1477,0.048,0.99182,3.54,0.88,13.6,D
1478,0.08199999999999999,0.99808,3.4,0.52,10.2,H
1479,0.104,0.99828,3.39,0.68,10.6,F
1480,0.08,0.99498,3.66,0.62,10.1,G
1481,0.104,0.99828,3.39,0.68,10.6,F
1482,0.114,0.99719,3.33,0.57,10.3,G
1483,0.042,0.99542,3.35,0.61,10.7,F
1484,0.06,0.99592,3.53,0.64,10.9,G
1485,0.07400000000000001,0.99606,3.37,0.55,9.7,F
1486,0.07,0.99546,3.38,0.6,10.3,F
1487,0.066,0.99496,3.52,0.78,10.6,F
1488,0.049,0.9942,3.72,0.58,11.4,F
1489,0.048,0.99448,3.44,0.76,10.8,E
1490,0.039,0.99344,3.39,0.56,12.4,E
1491,0.049,0.9942,3.72,0.58,11.4,F
1492,0.05,0.99348,3.57,0.54,11.95,F
1493,0.08900000000000001,0.99636,3.26,0.59,9.7,F
1494,0.066,0.99459,3.42,0.7,10.0,D
1495,0.08,0.99492,3.35,0.81,10.6,E
1496,0.08900000000000001,0.99636,3.26,0.59,9.7,F
1497,0.054000000000000006,0.99508,3.45,0.63,11.5,E
1498,0.068,0.99582,3.53,0.58,10.8,E
1499,0.054000000000000006,0.99508,3.45,0.63,11.5,E
1500,0.076,0.99508,3.26,0.53,9.6,F
1501,0.083,0.99642,3.16,0.53,9.4,F
1502,0.078,0.99638,3.31,0.54,9.8,F
1503,0.077,0.99555,3.51,0.69,11.0,E
1504,0.106,0.99605,3.36,0.55,11.4,E
1505,0.078,0.996,3.55,0.63,9.95,H
1506,0.07,0.99562,3.51,0.66,10.8,E
1507,0.106,0.99605,3.36,0.55,11.4,E
1508,0.07400000000000001,0.99814,3.38,0.72,10.6,E
1509,0.062,0.9941,3.28,0.7,11.1,F
1510,0.047,0.99661,3.47,0.77,9.7,E
1511,0.068,0.99712,3.44,0.67,9.8,F
1512,0.061,0.99588,3.53,0.65,10.4,E
1513,0.078,0.99294,3.33,0.6,10.5,E
1514,0.07400000000000001,0.99842,3.53,0.72,9.23333333333333,E
1515,0.07400000000000001,0.99842,3.53,0.72,9.25,E
1516,0.071,0.99633,3.42,0.97,10.6,F
1517,0.063,0.99489,3.38,0.83,10.3,E
1518,0.114,0.99647,3.32,0.63,10.5,F
1519,0.106,0.99665,3.44,0.58,10.2,F
1520,0.063,0.99489,3.38,0.83,10.3,E
1521,0.08199999999999999,0.99585,3.39,0.43,9.05,G
1522,0.071,0.99633,3.42,0.97,10.6,F
1523,0.076,0.9953,3.34,0.6,10.4,F
1524,0.075,0.99522,3.39,0.78,10.0,E
1525,0.064,0.99552,3.33,0.64,9.7,F
1526,0.064,0.99553,3.3,0.65,9.6,E
1527,0.071,0.9951,3.29,0.66,10.8,E
1528,0.096,0.99714,3.31,0.67,10.1,E
1529,0.063,0.99608,3.42,0.6,10.2,E
1530,0.063,0.99444,3.42,0.69,11.3,E
1531,0.081,0.99631,3.6,0.66,10.2,F
1532,0.058,0.99573,3.21,0.68,9.9,E
1533,0.07400000000000001,0.99717,3.39,0.61,9.0,F
1534,0.064,0.99397,3.42,0.62,11.7,D
1535,0.075,0.9959,3.36,0.59,9.7,E
1536,0.077,0.99528,3.6,0.68,10.3,E
1537,0.059,0.99484,3.5,0.64,10.2,E
1538,0.081,0.99538,3.57,0.63,12.0,F
1539,0.065,0.99714,3.46,0.78,9.9,F
1540,0.071,0.99646,3.56,0.63,11.6,E
1541,0.054000000000000006,0.99666,3.4,0.76,10.9,D
1542,0.064,0.99472,3.3,0.56,10.75,E
1543,0.064,0.99758,3.25,0.57,10.4,E
1544,0.063,0.9955,3.17,0.81,11.2,D
1545,0.059,0.99531,3.36,0.64,10.1,E
1546,0.07200000000000001,0.99575,3.36,0.61,10.2,F
1547,0.048,0.99306,3.55,0.51,12.1,F
1548,0.099,0.99783,3.1,0.58,10.4,F
1549,0.07400000000000001,0.99419,3.24,0.7,11.4,C
1550,0.087,0.99783,3.45,0.53,9.5,F
1551,0.083,0.99768,3.44,0.54,9.4,F
1552,0.103,0.99586,3.51,0.66,11.3,E
1553,0.08,0.99765,3.41,0.6,9.4,F
1554,0.062,0.99627,3.54,0.6,11.0,E
1555,0.065,0.99514,3.44,0.68,10.55,D
1556,0.066,0.99636,3.53,0.56,9.9,F
1557,0.062,0.99627,3.54,0.6,11.0,E
1558,0.235,0.99787,3.22,0.56,9.5,F
1559,0.08,0.99622,3.21,0.52,9.9,F
1560,0.08,0.99622,3.21,0.52,9.9,F
1561,0.08,0.99622,3.21,0.52,9.9,F
1562,0.076,0.99546,3.29,0.54,10.1,F
1563,0.076,0.99546,3.29,0.54,10.1,F
1564,0.076,0.99546,3.29,0.54,10.1,F
1565,0.061,0.99489,3.39,0.82,10.9,E
1566,0.059,0.99494,3.34,0.71,11.2,E
1567,0.076,0.99546,3.29,0.54,10.1,F
1568,0.077,0.99629,3.34,0.59,9.2,F
1569,0.056,0.99396,3.48,0.57,11.5,E
1570,0.23,0.9934,3.37,0.93,12.4,E
1571,0.038,0.99514,3.44,0.65,11.1,E
1572,0.069,0.99632,3.33,0.51,9.5,F
1573,0.075,0.99467,3.58,0.67,12.5,E
1574,0.07400000000000001,0.99677,3.39,0.48,10.5,E
1575,0.06,0.99474,3.26,0.64,11.8,E
1576,0.081,0.99588,3.3,0.78,10.8,E
1577,0.076,0.99622,3.54,0.6,11.9,E
1578,0.118,0.9954,3.42,0.67,11.3,E
1579,0.053,0.99402,3.54,0.6,11.3,F
1580,0.068,0.9947,3.36,0.6,11.9,E
1581,0.053,0.99402,3.54,0.6,11.3,F
1582,0.053,0.99362,3.57,0.5,11.9,F
1583,0.07400000000000001,0.99578,3.33,0.62,9.8,F
1584,0.061,0.99484,3.29,0.8,11.6,D
1585,0.066,0.99494,3.3,0.84,11.5,E
1586,0.065,0.99492,3.34,0.85,11.4,E
1587,0.066,0.99483,3.55,0.66,10.9,E
1588,0.068,0.99414,3.27,0.78,12.8,E
1589,0.073,0.9977,3.29,0.54,9.2,F
1590,0.077,0.99314,3.32,0.82,11.6,E
1591,0.08900000000000001,0.99402,3.67,0.56,11.6,E
1592,0.076,0.99574,3.42,0.75,11.0,E
1593,0.068,0.99651,3.42,0.82,9.5,E
1594,0.09,0.9949,3.45,0.58,10.5,F
1595,0.062,0.99512,3.52,0.76,11.2,E
1596,0.076,0.99574,3.42,0.75,11.0,E
1597,0.075,0.99547,3.57,0.71,10.2,F
1598,0.067,0.99549,3.39,0.66,11.0,E
